Bhk,Price,Location
3,34000,"Bhagyalaxmi Nagar, Kavadiguda"
3,45000,"Gachibowli, Outer Ring Road"
1,18000,Gachibowli
3,40000,"Moosapet, NH"
3,23000,Raghavendra Colony kondapur
3,50000,"Banjara Darwaja, Golconda Fort"
3,32000,"Mohans Sai Signature, Nanakramguda"
1,13000,Gowlidoddi
3,35000,"Somajiguda, NH"
3,11000,Kapra
3,19000,"Tilak Nagar, New Nallakunta, NH"
3,30000,"Neknampur, Manikonda, Outer Ring Road"
3,18000,"Mayuri Nagar, Miyapur"
3,30000,"Accurate Wind Chimes, Narsingi, Outer Ring Road"
3,31000,"Hyder Nagar, NH"
3,49000,"Vajras Jasmine County, Financial district Gachibowli"
3,38000,"Tirumala Gardens, Banjara Hills, NH"
2,18000,"Paragon Venkatadri Apartments, Kachiguda, NH"
3,26000,"Meenakshi Homes, Miyapur, NH"
3,25000,Papulguda
2,12000,"Bachupally, Outer Ring Road"
3,34000,Nanakram Guda
3,39000,"L&T Serene County, Gachibowli, Outer Ring Road"
3,37000,"SM Plaza, ECIL"
3,13000,"Chatta Bazaar, Pathar Gatti"
2,35000,"Lodha Meridian, Kukatpally Housing Board Colony, NH"
2,45000,Hitech City City
3,38000,"Banjara Hills, NH"
3,45000,"Gachibowli, Outer Ring Road"
2,35000,Mehindipatnam
3,35000,"YMCA Circle, Narayanguda"
3,35000,"YMCA Circle, Narayanguda"
3,40000,"Vajras Jasmine County, Gachibowli, Outer Ring Road"
3,25000,Jubilee Hills
3,25000,Kondapur
3,27000,Kondapur
2,19000,Kondapur
3,35000,"Golf View, Gachibowli, Outer Ring Road"
3,18000,Devan Devdi
3,40000,"Lodha Casa Paradiso, Sanath Nagar, NH"
3,24000,"Srila Park Pride, Kukatpally, NH"
3,35000,"Gudi Malkapur, Mehdipatnam"
3,30000,"Bachupally, Outer Ring Road"
1,23000,"Banjara Basera Apartment, Banjara Hills, NH"
2,16000,KPHB
3,20000,"Dullapally, NH"
2,12000,"VSR Celestial Towers, Gajularamaramm"
3,28000,"Jeedimetla, NH"
3,17000,"Vasanth Nagar Colony, Nizampet"
3,45000,"Nallagandla, Serilingampally"
2,15500,Brindavan Colony-Toli Chowki
2,16000,West Marredpally
2,20000,"PBEL City, Appa junction"
3,36000,"Aditya Empress Towers, Shaikpet"
3,45000,"Prestige Ivy League, Phase"
1,9800,Shri
3,20000,"Upparpally, Hyderabad Expressway"
2,15000,"Gangaram, Chandanagar, NH"
3,30000,"Srinivas Nagar, Rhoda Mistri Nagar"
3,35000,"Vasanth Nagar Colony, Nizampet"
3,36000,Madhapur
3,13000,"Annojiguda, NH"
3,35000,"Neknampur, Manikonda, Outer Ring Road"
3,22000,"NGRI, Secunderabad"
3,25000,"Chandanagar, NH"
2,30000,"Samatha Nagar, Kukatpally, NH"
3,17500,Bandlaguda Jagir
3,44000,"Jains Carlton Creek, Gachibowli, Outer Ring Road"
3,24000,"Kukatpally, NH"
3,43000,"Aditya Imperial Heights, Hafeezpet, NH"
3,35000,"Nallagandla, Serilingampally"
3,25000,Gajularamaramm
3,25000,"Ramanthapur, NH"
3,30000,"ALIND Employees Colony, Serilingampally"
3,12000,"ARK Homes, Bolarum, Medchal Road"
4,50000,"Kokapet, Outer Ring Road"
3,48000,"SMR Vinay Iconia, Kondapur"
3,30000,Hitech City City
2,19000,Papulguda
3,38000,"My Home Vihanga, Gachibowli, Outer Ring Road"
3,35000,"Aditya Empress Towers, Shaikpet"
2,10000,Attapur
3,14000,Balaji Hills Colony
2,29000,"Green Space Hill Park, Manikonda, Outer Ring Road"
2,17000,Puppalaguda
3,16000,"GK Pride, Yapral"
2,15000,Mehdipatnam
3,17000,Nizampet
2,18000,"Kavadiguda, NH"
2,9000,"Gundlapochampally, Outer Ring Road"
2,16000,East Marredpally
3,21000,"Silicon Ridge, Attapur"
3,13000,"Gks Habitat Royale, Yapral"
2,17000,Attapur
2,17000,"Green Space Residency, Gajularamaramm"
3,40000,"Lacasa K Apartments, Banjara Hills, NH"
3,30000,Gopanapalli
3,48000,Kondapur
3,40000,"My Home Avatar, Narsingi, Outer Ring Road"
3,24000,"Ramky One Marvel, Kukatpally, NH"
2,18000,"Golden Heights Colony, Janachaitanya colony, Hyderabad Expressway"
2,30000,"My Home Avatar, Narsingi, Outer Ring Road"
3,36000,"Floatilla, Manikonda, Outer Ring Road"
4,50000,"Ashoka Liviano, Gachibowli, Outer Ring Road"
3,15000,"Modi Emerald Heights, Pocharam, NH"
3,30000,Shamshabad
3,18000,Royal Colony-Ram Bagh Colony
3,25000,"Anjaneyanagar Colony, Boduppal"
2,9500,Bairagiguda
3,27000,West Marredpally
1,36000,Kavuri Hills
3,45000,Masab Tank
3,48000,"Whitefields, Hitech City"
3,45000,"Lodha Meridian, Kukatpally Housing Board Colony, NH"
3,32000,"Khairatabad, NH"
2,33000,"My Home Avatar, My home avatar"
2,8000,Medipally
3,40000,"My Home Avatar, Narsingi, Outer Ring Road"
3,25000,"Old Nallakunta, New Nallakunta"
3,12000,"Paramount Residency, Nagaram"
3,13000,"Janapriya Lakefront, Sainikpuri"
3,25000,Suchitra Circle
3,38000,"NCC Urban One, Narsingi, Outer Ring Road"
2,16000,"Gandhi Nagar, Kavadiguda, NH"
2,10500,"Beeramguda, Ramachandra Puram, NH"
3,40000,Gachibowli Phase
2,19000,"Basheer Bagh, NH"
3,20000,"Manchirevula, Outer Ring Road"
3,20000,Osman Nagar
2,26000,"Ameerpet, NH"
2,20000,Bandari Layout
2,18500,"Al Hasnath Colony, Toli Chowki"
2,35000,Shaikpet
3,40000,"NCL Sindhu, Dandamudi Enclave, Jeedimetla"
3,30000,Shaikpet
3,40000,"Nallagandla, Serilingampally"
3,21000,Gajularamaramm
1,18000,Gowlidoddi
3,32500,"Kukatpally Housing Board Colony, NH"
3,32000,"Kavuri Hills, Madhapur"
3,45000,"SMR Vinay Iconia, Kondapur"
3,45000,"Trendset Winz, Gachibowli, Outer Ring Road"
3,40000,"Gachibowli, Outer Ring Road"
3,31500,"Indu Fortune Fields apartments, Hitech City City"
3,24000,"Old Malakpet, NH"
3,45000,"Hafeezpet, NH"
2,13000,"Temple Alwal, Secunderabad, Siddipet Road"
2,20000,"Punjagutta, NH"
2,18000,"Samatha Nagar, Kukatpally, NH"
3,45000,"Lanco Hills, Manikonda, Outer Ring Road"
3,20000,"Narsingi, Outer Ring Road"
3,36000,"Domalguda, Himayath Nagar, NH"
3,22000,"NCL Ganga, Kompally"
3,23000,"Pragathi Nagar, Ramanthapur, NH"
3,15500,"Saket, Secunderabad"
3,12000,Sainikpuri
4,45000,"NCC Urban One, Narsingi, Outer Ring Road"
3,35000,"Lakdikapul, NH"
2,15000,Vidya Nagar
3,32000,"Aparna Hillpark Gardenia, Chandanagar, NH"
3,22000,"Kalyan Puri, Secunderabad"
2,27000,Nehru Nagar-West Marredpally
2,10000,Sangareddy District
2,22000,"Samata Colony, Toli Chowki"
3,12000,Dammaiguda
3,16000,"Tilak Nagar, New Nallakunta, NH"
3,22000,"Tellapur, Outer Ring Road"
3,39000,"Aditya Imperial Heights, Hafeezpet, NH"
3,18000,Karwan sahu
3,50000,New Mallepally
2,33000,"My Home Avatar, Narsingi, Outer Ring Road"
3,18500,Mayur Marg
3,48000,Nanakram Guda
4,25000,"Saptagiri Colony, Kukatpally, NH"
2,15000,Sangareddy
2,14000,"Dilsukhnagar, NH"
3,20000,"Alkapuri, LB Nagar, NH"
2,27000,Madhapur
2,15000,"Vidyanagar, Adikmet"
2,14000,"Champapet, Koti"
3,16500,"Nirmala Ratna Apartment, Gangaram, Chandanagar, NH"
3,29000,"Moti Nagar-Erragadda, NH"
3,40000,"Mantri Celestia, Gachibowli, Outer Ring Road"
2,17500,Masab Tank
3,16000,"Hyder Nagar, NH"
3,30000,"Khaja Guda, Outer Ring Road"
3,25000,"Pearl Celestial, Kokapet, Outer Ring Road"
3,24000,"Vertex Pleasant, Kukatpally, NH"
3,35000,"Banjara Hills, NH"
3,40000,"Kavuri Hills, Madhapur"
1,42000,Aparna Serene Park
3,22000,"Daisy Classic, Kukatpally, NH"
2,23000,"SMR Vinay Harmony County, Appa junction"
5,40000,"My Nest Mahati, Kondapur"
3,27000,"De Lite Power Welfare Society, Narsingi, Outer Ring Road"
2,12500,Gajularamaramm
2,12500,"Sun City, Bandlaguda, Chevella Road"
2,12000,Gudimalkapur
3,18000,Tarnaka
3,25000,Appa junction
3,25000,Raghuram A
3,23000,"SMR Vinay City, Miyapur, NH"
3,16000,Nizampet
3,38000,"Yousufguda, NH"
3,18500,"Chandanagar, NH"
3,50000,"Lumbini Avenue, Gachibowli, Outer Ring Road"
3,22000,"Kokapet, Outer Ring Road"
3,31000,Kothaguda
3,38000,"Gachibowli, Outer Ring Road"
3,25000,"Hafeezpet, NH"
1,10000,"Kukatpally Housing Board Colony, NH"
2,16500,Attapur
1,13000,Lakshmi Nagar Colony-Hanuman Nagar Colony
1,25000,Gachibowli
3,50000,"Lodha Meridian, K P H B Phase"
2,36000,"Magnam Opus, Gachibowli, Outer Ring Road"
2,30000,"My Home Avatar, Narsingi, Outer Ring Road"
3,32000,"SMR Vinay Fountainhead, Hyderabad"
2,10000,"Bagh Amberpet, Amberpet, NH"
2,16000,Attapur
3,19000,"Aakriti Honey dew, Tellapur, Outer Ring Road"
3,17500,"Kukatpally, NH"
3,20000,"Hill County Township, Bachupally, Outer Ring Road"
2,13000,Serilingampally
2,26000,"Project Golden Habitat, Madhapur"
3,40000,"Western Exotica Project , Kothaguda"
3,26000,"Aditya Imperial Heights, Hafeezpet, NH"
3,18000,Haripuri colony
2,15000,"Manikonda, Outer Ring Road"
3,15000,Aminpur
4,50000,"Banjara Hills, NH"
3,18000,"APSEB Colony, Hastinapuram"
3,18000,"Silver Spring, Narsingi, Outer Ring Road"
2,10000,"Bachupally, Outer Ring Road"
2,13000,Attapur
2,25000,"Bhavyas Akhila Exotica, Kukatpally, NH"
3,15000,"Sri Mahalakshmi Residency, Attapur"
2,18000,"Lakdikapul, NH"
3,24000,"Sri Nainas Sunrise, Manikonda, Outer Ring Road"
2,17000,Balkampet
2,16500,Puppalaguda
3,45000,"Western Exotica Project , Kothaguda"
3,23000,"APGOs Coop HSG Society, Hafeezpet"
2,14000,Toli Chowki
3,23000,Hyderaguda-Attapur
3,25000,"Infocity Excellence and Elegance, Nallagandla, Serilingampally"
3,25000,Mehdipatnam
3,15000,"Aparna Kanopy Tulip, Kompally"
3,35000,"Sumukhi Orbit, Madhapur"
3,34000,"Project Hill Ridge Springs, Gachibowli, Outer Ring Road"
3,26000,"Gayatri Hills, Jubilee Hills"
3,15000,"Emerald Heights, Nizampet"
2,16000,"New Dilshukh Nagar, NH"
3,14000,Maruthi Nagar
2,10000,"Hayathnagar, NH"
3,35000,Kondapur
2,10500,"Quthbullapur, NH"
4,36000,Puppalaguda
2,18000,Puppalaguda
3,18000,"Modi Splendour, Kukatpally, NH"
3,26000,Attapur
3,18000,"Modi Splendour, Kukatpally, NH"
2,10200,"Quthbullapur, NH"
2,14500,Borabanda
3,18000,"Miyapur, NH"
3,23000,"Manikonda, Outer Ring Road"
3,36000,"Ashoka Liviano, Gachibowli, Outer Ring Road"
4,25000,"Al Hasnath Colony, Toli Chowki"
2,9000,Narapally
3,45000,"Gachibowli, Outer Ring Road"
2,13000,"New Bowenpally, NH"
3,30000,Shaikpet
3,25000,"Hafeezpet, NH"
3,17000,Uppal Metro
3,17000,Bowenpally
3,20000,Nizampet
3,35000,"IT Heights, Khaja Guda, Outer Ring Road"
3,15000,Bowenpally
2,10000,"Modi Emerald Heights, Pocharam, NH"
3,16000,"Modi Splendour, Gajularamaramm"
3,32000,"Pranav Surya Planet, Kothaguda"
2,14000,"Miyapur, NH"
2,15000,"Chandanagar, NH"
2,8500,"Lalaguda, Secunderabad"
1,8000,"LB Nagar, NH"
3,10000,"Sri Sai Ram Residency, Beeramguda, Ramachandra Puram, NH"
2,15000,Gayathri Nagar
3,29000,"Concrete Palazzo, Nacharam"
2,19500,"Silver Nest Arcade, Narayanguda"
2,35000,"My Home Avatar, Narsingi, Outer Ring Road"
2,30000,Narayanguda
3,30000,"Aditya Imperial Heights, Hafeezpet, NH"
3,18000,New Nallakunta
2,33000,"Lodha Meridian, Kukatpally Housing Board Colony, NH"
2,35000,"Banjara Hills, NH"
3,35000,"Vajras Jasmine County, Gachibowli, Outer Ring Road"
3,40000,"SMR Vinay Iconia, Kondapur"
3,40400,"My Home Avatar, Narsingi, Outer Ring Road"
2,17000,"Krishna Giri Enclave, Secunderabad"
3,48000,"Prestige Ivy League, Hitech City City"
3,48000,"Jayabheri Orange County, Gachibowli, Outer Ring Road"
3,22000,"Janapriya Utopia II, Upparpally, Hyderabad Expressway"
3,40000,"SRI SAIRAM Towers, Hafeezpet, NH"
2,18000,Shivam Rd
2,16000,"Kukatpally Housing Board Colony, NH"
2,20000,Kondapur
1,6500,Vidyanagar
3,45000,"Golf View, Gachibowli, Outer Ring Road"
3,40000,"Rainbow Vistas Rock Gardens, Hitech City City"
3,30000,Kondapur
2,17000,"Gayatri Hills, Jubilee Hills"
2,25000,"Ayyappa Society, Madhapur"
3,28000,"Indu Fortune Fields apartments, Hitech City City"
2,20000,Kondapur
3,15000,Dammaiguda
2,20000,"Basheer Bagh, NH"
3,45000,Masjid Banda
3,30000,"Rethibowli, Mehdipatnam"
3,35000,"Vajras Jasmine County, Financial District, Nanakram Guda"
1,13000,Kondapur
1,10000,Kondapur
2,31000,Aparna Cyber Commune
2,30000,"Aparna Serene Park, Masjid Banda"
2,41000,"Ashvita, Hitech City City"
3,31000,"Aparna CyberZon, Nallagandla, Serilingampally"
3,36000,"ACE Atlantis, Khaja Guda, Outer Ring Road"
2,29000,Jubilee Hills
3,23000,Narayanguda
1,15000,Kothaguda
3,28000,"Aditya Imperial Heights, Hafeezpet, NH"
3,35000,Hitech City City
3,45000,"Lodha Meridian, Kukatpally, NH"
3,50000,"Nagarjuna Residency, P Janardhan Reddy Nagar, Gachibowli, Outer Ring Road"
3,45000,"Apurupa Avenue, Kavuri Hills, Madhapur"
3,23000,Kondapur
2,16000,"Banjara Hills, NH"
4,38000,"Ameerpet, NH"
3,42000,"My Home Vihanga, Gachibowli, Outer Ring Road"
3,26000,"PBEL City, Appa junction"
3,50000,"Aparna Aura, Jubilee Hills"
4,50000,"Jains Carlton Creek, Gachibowli, Outer Ring Road"
3,48000,"Ramky Towers Elite, Madhapur"
3,25000,"Shanthi Nagar-Kukatpally, NH"
3,22000,"Sanjeeva Reddy Nagar, NH"
3,25000,"Surya Nagar, Toli Chowki"
3,40000,"Gachibowli, Outer Ring Road"
2,18000,West Marredpally
2,17000,"Samata Colony, Toli Chowki"
3,50000,"Banjara Hills, NH"
3,18000,"Manikonda, Outer Ring Road"
3,45000,Kondapur
3,45000,"Aparna Serene Park, Kondapur"
2,18000,"Solanki Gulmohar, Brahman Wadi, Begumpet"
2,17500,Attapur
3,14000,"Saroornagar, NH"
2,15000,Fort View Colony
3,35000,"Morning Raga, Alkapur Township, Manikonda, Outer Ring Road"
1,7500,"Uppal, NH"
3,13000,Nagaram
2,17000,"Chandanagar, NH"
3,25000,"Surya Sravanthi Apartment, Kothaguda"
2,15000,"Lotus Avenues, Miyapur, NH"
3,12000,"Saroornagar, NH"
2,30000,"Kokapet, Outer Ring Road"
2,39000,"Kokapet, Outer Ring Road"
2,26000,Police Colony-Kondapur
3,30000,"Rajapushpa Atria, Kokapet, Outer Ring Road"
3,18000,Bandlaguda Jagir
2,20000,"Jeedimetla, NH"
3,15000,"Bachupally, Outer Ring Road"
2,20000,"Durgabai Deshmukh Colony, Amberpet"
3,30000,"Nallagandla, Serilingampally"
2,13000,"Malakpet, NH"
2,28500,"Malaysian Township, Kukatpally, NH"
2,14500,IDPL Colony
3,28000,"Hafeezpet, NH"
3,27000,"Accurate Wind Chimes, Narsingi"
2,8500,"Beeramguda, Ramachandra Puram, NH"
3,30000,"Aditya Imperial Heights, Hafeezpet, NH"
3,45000,"Gachibowli, Outer Ring Road"
3,30000,"Manikonda, Outer Ring Road"
3,36000,"Aditya Gardenia, Banjara Hills, NH"
2,30000,"My Home Avatar, Narsingi, Outer Ring Road"
1,8000,Charminar
3,20000,"SMR Vinay Harmony County, Appa junction"
3,36000,"Aditya Gardenia, Banjara Hills, NH"
3,30000,"Aditya Imperial Heights, Hafeezpet, NH"
1,15000,Kondapur
2,14000,Musheerabad
3,25000,Friends Colony
2,18000,khairatabad
2,15000,"Golden Heights Colony, Janachaitanya colony, Hyderabad Expressway"
2,13000,Chilakalguda
3,50000,"Habsiguda, NH"
2,8500,"B N Reddy Nagar, Nagarjuna Sagar Road"
3,16000,"Upparpally, Hyderabad Expressway"
2,12000,"Anandbagh, Secunderabad, Moula Ali Road"
1,7000,Langar Houz
3,25000,"LB Nagar, NH"
2,15000,"Langar Houz House South, Hyderabad Expressway"
4,23000,Toli Chowki
3,37000,"My Home Vihanga, Gachibowli, Outer Ring Road"
1,15000,"Mythri Nagar, Hafeezpet, NH"
3,26000,"Hill County Township, Bachupally, Outer Ring Road"
3,24000,"TNR Sulakshna, LB Nagar, NH"
3,17000,"Manasa Vensa Ashraya, Saroornagar, NH"
3,30000,"Aditya Imperial Heights, Hafeezpet, NH"
4,50000,"Ashoka Liviano, P Janardhan Reddy Nagar, Gachibowli, Outer Ring Road"
3,26000,"East Oak Luxury Apartments, Pocharam, NH"
3,35000,"Aditya Imperial Heights, Hafeezpet, NH"
2,8500,"LIG Apartments, Kukatpally, NH"
3,40000,Narayanguda
2,15000,"Devi Bagh, Bahadurpura"
3,23000,"Tellapur, Outer Ring Road"
2,21000,"Sriramnagar,Kothaguda"
3,28000,"Vazhraa Nirmaan Pushpak, Nizampet"
2,25000,P&T Colony
3,30000,"Honer Vivantis, Nallagandla"
3,15000,Sri Mahalakshmi Residency
3,40000,Attapur
3,28000,West Marredpally
2,11500,Almasguda
3,15000,"Sun City, Bandlaguda, Chevella Road"
3,50000,"Whistling Woods, Kokapet, Outer Ring Road"
2,25000,Toli Chowki
2,30500,"Khaja Guda, Outer Ring Road"
3,25000,"RV Kaustubha, Kompally"
3,40000,"Aparna Serene Park, Kondapur"
2,8000,"Bachupally, Outer Ring Road"
3,40000,Vajras Jasmine County
3,22000,"Advocates Colony, Himayath Nagar"
2,28000,Police Colony-Kondapur
3,27000,"Hyder Nagar, NH"
3,15000,Gajularamaramm
3,16000,Madeenaguda
2,20000,"Madinaguda, Hafeezpet, NH"
2,30000,"P Janardhan Reddy Nagar, Gachibowli, Outer Ring Road"
2,28000,"Alkapur Township, Manikonda, Outer Ring Road"
3,23000,"SMR Sowmya, West Marredpally"
2,26000,Toli Chowki
3,15000,"Bommarillu Homes, Madhura Nagar, Nizampet"
3,17500,"Sapthagiri Enclave, Bachupally, Outer Ring Road"
3,24000,"Malaysian Township, Kukatpally, NH"
2,30000,"Narsingi, Outer Ring Road"
4,38000,Begumpet
2,30000,"My Home Avatar, Narsingi, Outer Ring Road"
3,15000,Sivaji Nagar-Chandanagar
2,30000,"Lakdikapul, NH"
2,9000,"Uppal, NH"
3,25000,"Dundoo Classic Tower, Boiguda"
3,15000,"Jai Jawahar Nagar, Secunderabad"
2,12000,Ashgoli
2,12000,Adibatla
1,25000,Kondapur
3,18000,Toli Chowki
2,16000,"Hafeezpet, NH"
3,19500,"Mayflower Heights, Mallapur"
3,9500,"Bandlaguda, Nagole, Srisailam Highway"
2,14000,"Gangaram, Chandanagar, NH"
3,42000,"Vajras Jasmine County, Gachibowli, Outer Ring Road"
3,30000,"Patels Bright View, Yapral"
3,27000,"Secunderabad, Rashtrapati ROAd"
3,16000,"VSR Celestial Towers, Gajularamaramm"
3,28000,"SMR Vinay Harmony County, Appa junction"
3,25000,"Chitrapuri Colony, Manikonda, Outer Ring Road"
3,45000,"Hallmark KSN Residency, Kondapur"
3,45000,"Vittal Rao Nagar, Hitech City City"
2,20000,"NCL Sindhu, Satyam Enclave, Kompally, NH"
2,11000,"Manovikas Nagar, Secunderabad, NH"
3,40000,"My Home Avatar, Narsingi, Outer Ring Road"
3,28000,"Ramanthapur, NH"
3,18000,"Pragathi Nagar, Kukatpally"
4,9000,"Bandlaguda, Nagole, Srisailam Highway"
2,8000,Patelguda
2,11000,Suchitra Road
3,32000,"Hafeezpet, NH"
3,26000,"Green Field Colony, Secunderabad"
2,14500,"Bachupally, Outer Ring Road"
3,45000,Near Gachibowli Financial district.
3,16500,"Moula Ali, Moula Ali Road"
3,50000,Gachibowli (ORR junction)
2,36000,"My Home Avatar, Narsingi, Outer Ring Road"
3,35000,"Aditya Nagar, Hafeezpet"
3,32000,"SRI SAIRAM Towers, Indra Reddy Alwyn Colony, Miyapur, NH"
2,18000,Adibatla
3,40000,Shaikpet
3,13000,"Gaghan Pahad, Rajendra Nagar, Outer Ring Road"
3,22000,"Hafeezpet, NH"
3,30000,"Krishna Nagar, Yousufguda"
3,12000,"Bachupally, Outer Ring Road"
2,12000,Adibatla
2,10000,"Malla Reddy Colony, Secunderabad"
3,36000,"Mantri Celestia, Gachibowli, Outer Ring Road"
2,12000,"Buddha Nagar Colony, Boduppal"
2,25000,Mehdipatnam
2,28000,Mehdipatnam
3,15000,Dr A.S. Rao Nagar
2,12000,"Bachupally, Outer Ring Road"
3,30000,Marredpally
3,18000,"Boduppal, NH"
2,14000,Nizampet
3,15000,"Fort View, Hydershakote, Bandlaguda, Chevella Road"
2,28000,Mehdipatnam
3,18000,Nagole
2,30000,Hakimpet-Hyderabad
3,22000,"Quadri Happy Homes Paradise, Amberpet"
2,19000,Gajularamaramm
3,30000,"Ameerpet, NH"
3,18000,"Rasoolpura, Mahatma Gandhi Road"
3,23000,KPHB Colony
3,42000,"Narsingi, Outer Ring Road"
3,24000,"Pocharam, NH"
3,14000,"Boduppal, NH"
3,16000,"Chandanagar, NH"
3,25000,"Raghavendra Colony, NH"
3,21500,Puppalaguda
3,40000,"My Home Avatar, Narsingi, Outer Ring Road"
2,30000,"Aliens Fast Track, Madhapur"
2,23000,"KKRs Fountainhead, Miyapur, NH"
3,35000,"Pearl Celestial, Kokapet, Outer Ring Road"
2,12000,military dairy farm rd
2,15000,"Skanda Srinivasam, Isnapur, Outer Ring Road"
3,19000,"Madinaguda, Hafeezpet, NH"
3,50000,"Green Grace, Gachibowli, Outer Ring Road"
2,22000,"Vazhraa Nirmaan Pushpak, Madhura Nagar, Nizampet"
2,16000,Papulguda
2,18000,Humayun Nagar
2,23000,"Padmarao Nagar, Hyderabad-Karimnagar Highway"
3,17000,"New Bowenpally, NH"
3,45000,"Punjagutta, NH"
3,25000,"Manikonda, Outer Ring Road"
3,22000,"Shankara Kranthi Apartment, Kavadiguda, NH"
3,21000,Shaikpet
3,33000,"IT Heights, Khaja Guda, Outer Ring Road"
3,25000,"Himayath Nagar, NH"
3,45000,"Narsingi, Outer Ring Road"
3,17500,"Sun City, Bandlaguda, Chevella Road"
3,25000,"Upparpally, Hyderabad Expressway"
2,30000,"Narsingi, Outer Ring Road"
3,42000,"The Legend Somajiguda I, Somajiguda, NH"
3,35000,Shivam Rd
2,26000,Hakimpet-Hyderabad
3,30000,"Miyapur, NH"
3,45000,"NCC Urban One, Narsingi, Outer Ring Road"
3,28000,"Habsiguda, NH"
2,31000,"My Home Avatar, Narsingi, Outer Ring Road"
2,30000,"My Home Avatar, Narsingi, Outer Ring Road"
2,15000,"Bandlaguda, Nagole, Srisailam Highway"
4,35000,KPHB Road
3,22000,Gopanapalli
3,25000,"Kukatpally Housing Board Colony, NH"
2,13000,"Ramanthapur, NH"
2,15000,Rahat Nagar-Amberpet
2,14000,"Radha Krishna Nagar-Attapur, Attapur"
3,27000,"SMR Sartaj Plaza, Bowenpally"
3,34000,"My Home Avatar, Narsingi, Outer Ring Road"
3,20000,Puppalaguda
2,27000,"Jaya Nagar, Kukatpally, NH"
2,11000,Gajularamaramm
3,20000,Attapur
3,25000,"Ameerpet, NH"
3,38000,"Aparna Sarovar, Nalagantla"
2,28000,Mehdipatnam
2,15000,"Bachupally, Outer Ring Road"
2,25000,"Basheer Bagh, NH"
3,16000,Gajularamaramm
3,30000,"SMR Empire, West Marredpally"
3,8500,Janapriya Lakefront
3,16000,Nizampet
2,13500,"Victory Estates, Jeedimetla, NH"
2,12500,"Vasathi Anandi, Appa junction"
2,40000,"SMR Vinay Technopolis, Madhapur"
2,11000,"Pocharam, NH"
3,18000,Nizampet
3,24000,"Narsingi, Outer Ring Road"
2,27000,"Muppas Alankrita, Narsingi, Outer Ring Road"
2,9000,Gajularamaramm
4,21000,Trimulgherry
3,19000,"Raheja Vistas, Nacharam"
2,24000,"Ushodaya Enclave, Hafeezpet"
3,16500,Nizampet
2,7000,Badangpet
3,26000,"Erragadda, NH"
3,16500,Bandari Layout
4,50000,"Domalguda, Himayath Nagar, NH"
3,42500,"Vajras Jasmine County, Gachibowli, Outer Ring Road"
3,50000,"Aditya Empress Towers, Shaikpet"
3,35000,"Banjara Hills, NH"
3,20000,Dr A.S. Rao Nagar
3,20000,Boiguda
3,40000,"L&T Serene County, Telecom Nagar, Gachibowli, Gachibowli, Outer Ring Road"
3,45000,"Meenakshi Sky Lounge, Bikshapathi Nagar, Hafeezpet"
2,22000,Hitech City City
2,25000,Madhapur
3,28000,"DD Colony, Amberpet"
3,35000,"Aditya Imperial Heights, Hafeezpet, NH"
2,10000,Attapur
3,14000,Attapur
2,12000,Nizampet
2,13000,Pragathi Nagar
2,16000,"Chandanagar, NH"
2,16000,"Lingampally-Serilingampally, NH"
1,6500,"Banjara Hills, NH"
3,38000,"Lodha Meridian, Kukatpally Housing Board Colony, NH"
3,45000,Masab Tank
1,12500,Madhapur
2,15000,"Madinaguda, Hafeezpet, NH"
3,23000,"Anjani Towers, Ameerpet, NH"
3,25000,Himayath Nagar
3,20000,Bandlaguda Jagir
3,21000,MIGH Colony-Mehdipatnam
3,38000,"Narsingi, Outer Ring Road"
2,16000,"Manikonda, Outer Ring Road"
3,25000,New Mallepally
3,30000,Madhapur
2,18000,"Himayath Nagar, NH"
3,36000,"My Home Vihanga, Gachibowli, Outer Ring Road"
2,15400,Begumpet
1,7000,New
3,19000,Punjagutta Colony
3,22000,Attapur
3,25000,HITEC City
3,40000,"Banjara Hills, NH"
3,12000,Neredmet
3,40000,"Mantri Celestia, Gachibowli, Outer Ring Road"
3,30000,"MJR Golden Enclave, Madhapur"
2,11000,"Lakshmi Nagar Colony-Hanuman Nagar Colony, Secunderabad"
3,25000,"Barkatpura, Kachiguda, NH"
3,48000,"Jayabheri Orange County, Gachibowli, Outer Ring Road"
2,15000,"Gachibowli, Outer Ring Road"
2,13000,Alwal
2,21000,"Raghavendra Colony, NH"
3,30000,"My Homes Jewel, Miyapur, NH"
3,28000,"Yella Reddy Guda, NH"
3,30000,"Ashok Nagar, Himayath Nagar"
3,12000,"Malakpet, NH"
3,35000,"Himayath Nagar, NH"
2,17500,Kondapur
3,47000,"Meenakshis Royal Court, Banjara Hills, NH"
2,28000,"Jains Carlton Creek, Gachibowli, Outer Ring Road"
2,17000,"Manikonda Society, Manikonda, Outer Ring Road"
3,18000,"Manikonda, Outer Ring Road"
2,20000,"Kukatpally Housing Board Colony, NH"
2,15000,Chikkadpally
2,18000,"Vasavi Residency, Anand Nagar-Khairatabad, NH"
2,12000,Rahat Nagar-Amberpet
2,12000,"Old Alwal, Secunderabad, Siddipet Road"
2,11500,"Chandanagar, NH"
2,15600,"Kukatpally Housing Board Colony, NH"
2,9000,New Maruthi Nagar
3,18000,Friends Colony
1,8300,Vidyanagar
2,7000,Dr A.S. Rao Nagar
2,6500,"Boduppal, NH"
2,18500,"Manikonda, Outer Ring Road"
2,11000,"Alkapuri, LB Nagar, NH"
1,7000,Vidyanagar
2,18000,"Kukatpally, NH"
2,11000,Fair Lands
2,13000,Suchitra Circle
2,9500,"Uppal, NH"
2,15000,Jubilee Hills
2,5500,Nagole
3,22000,Road #
2,17000,"Vivekananda Nagar, Kukatpally, NH"
3,13000,"Bachupally, Outer Ring Road"
3,25000,"Miyapur, NH"
2,15000,Attapur
3,35000,Kondapur
3,20000,Kompally
2,17000,Gachibowli phase
2,17000,"Gachibowli, Outer Ring Road"
2,7000,Sangareddy
2,15000,Masab Tank
2,28000,"Kattel Mandi, Abids"
3,18000,"Miyapur, NH"
2,25000,Attapur
3,30000,"Gopalnagar Society, Hafeezpet"
2,35000,"Kukatpally, NH"
2,20000,"Gagan Mahal, Himayath Nagar, NH"
2,16000,"Sai Nagar-Kompally, NH"
3,15000,"Surya Nagar Colony, Secunderabad, Medchal Road"
2,7500,Meerpet
2,25000,Attapur
2,27000,Masab Tank
2,16000,Nizampet
2,33000,Jagruthi Colony
3,50000,"Gachibowli, Outer Ring Road"
2,20000,Adibatla
3,35000,"Gachibowli, Outer Ring Road"
2,25000,Financial District
3,37000,Kakatiya Hills madhapur
2,20500,"Old Nallakunta, New Nallakunta"
2,10000,"Sun City, Bandlaguda, Chevella Road"
2,7500,Narapally
3,8000,Medipally
2,6000,Boduppal Dwaraka nagar
2,7000,Balapur
2,18000,Narayanaguda main road
2,15000,Fort View Colony
3,18000,Hyderabad
2,21000,Begumpet
2,25000,Suchitra Circle
3,22000,"Dilsukhnagar, NH"
3,24000,Anjaneyanagar Colony moosapet
2,20000,Gandhi Nagar-Boiguda
2,6000,Karimnagar
1,8000,"Hafeezpet, NH"
3,20000,Hyderabad
3,35000,"Aparna Hill park Silver oaks, Chandanagar, NH"
3,22000,Mettuguda
3,27000,"Kaithalapur, Borabanda"
2,15000,Toli Chowki
2,9000,Hyderabad
3,15200,Toli Chowki
3,12000,Nagole
2,9000,Bandlaguda Jagir
2,10000,Sainikpuri
3,18000,"Hyder Shah Kote, Chevella Road"
3,16000,"Ramnagar Gundu, Adikmet, NH"
2,34000,"My Home Avatar, Narsingi, Outer Ring Road"
3,30000,"Tanasha Nagar, Outer Ring Road"
3,18500,Bowenpally
2,20000,SD Road
3,15000,"Dullapally, NH"
3,25000,"Kukatpally, NH"
2,11000,Vidyut Nagar
2,8000,Aminpur
2,25000,Chikkadpally
2,9500,Meerpet
1,25000,"Banjara Hills, NH"
2,10000,Attapur
3,13000,"Tellapur, Outer Ring Road"
2,27000,"Gachibowli, Outer Ring Road"
3,15000,"Vanasthalipuram, NH"
2,10000,Bandlaguda Jagir
2,10000,"Hyder Shah Kote, Chevella Road"
3,38000,"Gachibowli, Outer Ring Road"
2,20500,"Jalvayu Tower, Gandhi Nagar, Kavadiguda, NH"
2,14000,"Chandanagar, NH"
2,22000,"Red Hills, Lakdikapul, NH"
3,16000,Nizampet
3,38000,"Financial District, Nanakram Guda"
3,20000,Brindavan Colony-Toli Chowki
2,30000,"Raghavendra Colony, NH"
2,23000,"Himayath Nagar, NH"
2,13000,Nizampet
2,25000,Kondapur
2,15000,New Nallakunta
3,20000,Brindavan Colony-Toli Chowki
2,14000,New Nallakunta
3,26000,"Sanjeeva Reddy Nagar, NH"
3,17000,"Arvind Nagar Colony, Toli Chowki"
2,15000,Singapore
3,15000,Attapur
2,18000,"Kukatpally, NH"
1,14000,Kondapur
2,13000,Toli Chowki
2,15000,Mehdipatnam
2,8500,OU Colony
3,25000,"Manikonda, Outer Ring Road"
2,16500,Mitapur
2,15500,Nizampet Road
2,9000,"Safilguda, Secunderabad"
3,19500,"Hyder Nagar, NH"
2,16500,TulasinagarH.M.T hillsjntukphb
3,15000,Kanchan Bagh
3,27000,"Kukatpally, NH"
3,44000,Himayath Nagar
2,22000,"Narsingi, Outer Ring Road"
3,18000,Asif Nagar
2,30000,"Narsingi, Outer Ring Road"
2,6000,Sangareddy
3,20000,Miyapur ground floor
3,15000,Fort View Colony
3,45000,"Financial District, Nanakram Guda"
2,9000,"Sri Sai Varshith Residency,  			            	 	                	 	                		 					            							          							         	Beeramguda, Ramachandra Puram, NH"
2,19500,Hyderabad
2,9000,"Poojitha enclave,Bachupally"
3,25000,"Hafeezpet, NH"
10,10000,Kothapet
2,10000,Padmanagar Phase
3,25000,Attapur
3,13000,Sainikpuri
3,37500,"Gachibowli, Outer Ring Road"
2,20000,Banjara Hills Road No
2,20000,Sahibabad
3,18000,"Madina Colony, Falaknuma"
2,29000,"My Home Avatar,  			            	 	                	 	                		 					            							          							           							         	Puppalaguda,Narsingi,Gachibowli"
3,20000,Tolli Chowki
2,16000,Himayath Nagar
2,13500,Mehdipatnam Padmanabha Nagar
2,11000,"Moula Ali, Moula Ali Road"
2,12000,"Rajendra Nagar, Outer Ring Road"
3,17500,Bandlaguda
2,13000,Bandam Kommu
3,35000,Kondapur
2,10000,"Beeramguda, Ramachandra Puram, NH"
2,30000,"Narsingi, Outer Ring Road"
3,22000,"Deepthisri Nagar, NH"
2,16000,Tolli Chowki
3,15000,Nallakunta
3,10000,"Sai Homes, Peerzadiguda"
2,18500,"Chintal, NH"
3,15000,"Defence Colony, Secunderabad"
2,22000,Vinayak Nagar
2,15000,"Moula Ali, Moula Ali Road"
3,17000,Friends Colony
2,14000,Toli Chowki
2,8500,Meerpet
3,40000,"Gachibowli, Outer Ring Road"
2,30000,"Mythri Nagar, Hafeezpet, NH"
2,13000,"Secunderabad, Rashtrapati ROAd"
3,50000,"Banjara Hills, NH"
3,25000,"Khairatabad, NH"
3,25000,Appa junction
3,35000,"Khairatabad, NH"
2,6500,Karimnagar
2,8000,rtc cross road
1,18000,Gopanapalli
2,20000,MIGH Colony-Mehdipatnam
1,8700,Santosh
2,15000,Attapur
3,38000,Kompally
3,40000,"Banjara Hills, NH"
3,30000,"Manikonda, Outer Ring Road"
3,37000,"Gachibowli, Outer Ring Road"
2,15000,"LB Nagar, NH"
4,38000,"Ameerpet, NH"
1,7500,"Uppal, NH"
2,12000,"Uppal, NH"
2,23000,"Kokapet, Outer Ring Road"
3,20000,Manikonda
3,18000,"Alkapur Township, Manikonda, Outer Ring Road"
1,10000,Nalanda Nagar
3,16000,New Nallakunta
3,35000,"CMC Enclave, Kondapur"
2,24000,Kondapur
2,14500,"Aarambh Township, Chandanagar, NH"
1,9000,"Punjagutta, NH"
2,13000,Nizampet
3,17000,"Madinaguda, Hafeezpet, NH"
2,18000,"Venkata Ramana Colony, Nagole"
3,32000,Kondapur
1,7000,"Ameerpet, NH"
2,16500,Begumpet
1,6500,Bachupally
1,7500,"Beeramguda, Ramachandra Puram, NH"
2,10000,"Upparpally, Hyderabad Expressway"
2,26000,"Srinija Gayatri Hills, Gachibowli, Outer Ring Road"
3,15000,Nizampet
2,11000,"The Legend Vittalwadi, Narayanguda"
2,30000,"P Janardhan Reddy Nagar, Gachibowli, Outer Ring Road"
2,8500,Meerpet
3,30000,"Saptagiri Colony, Kukatpally, NH"
2,11000,"LB Nagar, NH"
3,23000,"Kukatpally, NH"
2,30000,"My Home Avatar, Narsingi, Outer Ring Road"
2,15000,Masab Tank
2,18000,Nizampet
2,12000,"Rajiv Gandhi Nagar Colony, Nizampet"
2,14000,"Gandhi Nagar, Kavadiguda, NH"
1,6000,Lalaguda
2,22000,"Yousufguda, NH"
3,21000,"Narsingi, Outer Ring Road"
2,8000,Hyderabad
2,15000,"LB Nagar, NH"
3,25000,"Punjagutta, NH"
2,10000,Syed Nagar
2,15000,Hyderaguda-Attapur
2,12000,Gajularamaram
3,26000,Sri Nagar Colony
2,7000,Ramakrishnapuram-Neredmet
2,22000,"Srinija Gayatri Hills, Gachibowli, Outer Ring Road"
2,12000,"Dilsukhnagar, NH"
2,9000,Alwal
2,9000,"Sri Vasavi Siva Nagar Colony, Secunderabad"
2,5000,Maruthi Nagar
3,19500,Attapur
3,15000,ECIL
2,25000,"Manikonda, Outer Ring Road"
3,20000,"Kukatpally, NH"
2,8500,Chandanagar
3,7500,Gajularamaramm
3,50000,"P Janardhan Reddy Nagar, Gachibowli, Outer Ring Road"
2,34000,Nanakram Guda
2,23000,Kondapur
2,8500,"Murad Nagar, Lal Darwaza, Falaknuma Road"
2,15000,Attapur
2,12000,Teja Colony
1,8000,Bhagya Nagar Colony
3,15000,Pragathi Nagar
3,21000,"Kukatpally, NH"
2,19000,Suchitra Circle
2,15000,Hyderabad
2,20000,"Madhura Nagar, NH"
3,27000,"Aparna CyberZon, Nallagandla, Serilingampally"
3,38000,Hyderguda
3,30000,Rainbow Vistas Rock Gardens
3,35000,"Patrika Nagar, Hitech City City"
2,13500,"Akshay Homes, Nagole"
2,15000,"Moosarambagh, NH"
3,10000,"Hayathnagar, NH"
2,15000,"Giridhari Murari, Appa junction"
1,9500,Bachupally
2,12000,Dr A.S. Rao Nagar
3,49000,"Mount Meru, Banjara Hills, NH"
2,14000,"Durgabai Deshmukh Colony, Amberpet"
3,20000,Shaikpet
3,23000,"Shanta Sriram Sonata, New Nallakunta"
3,15000,"ARK Homes, Bolarum, Medchal Road"
3,23000,"Hyder Nagar, NH"
3,22000,Osman Nagar
3,40000,Begumpet
3,22000,"Old Malakpet, NH"
3,16500,Aminpur
3,15000,"Gulshan Colony, Qutub Shahi Tombs"
3,35000,"Stonehenge, Appa junction"
1,12500,Toli
3,20000,"Gulshan Colony, Qutub Shahi Tombs"
1,10500,"Hafeezpet, NH"
2,16000,Attapur
2,7500,Nagaram
3,48000,"Lanco Hills, Manikonda, Outer Ring Road"
2,11000,Hyder Nagar
3,20000,Nizampet
3,15000,New Nallakunta
3,14000,"Janapriya Arcadia, Alwal"
2,12000,"Bachupally, Outer Ring Road"
2,15000,Aminpur
2,15000,"NSK Bliss Meadows, Madinaguda, Hafeezpet, NH"
4,45000,"Jains Carlton Creek, Gachibowli, Outer Ring Road"
3,23000,"Tellapur, Outer Ring Road"
2,14000,Nizampet
3,40000,Narayanguda
2,25000,Moti Nagar
3,36000,"Sanath Nagar, NH"
3,16000,"SV Brindavanam, Boduppal, NH"
1,12000,"Ameerpet, NH"
2,12500,Kothapet
2,10000,Dr A.S. Rao Nagar
3,15000,"Miyapur, NH"
3,20500,"Mayflower Heights, Mallapur"
3,25000,"RDB Coconut Grove, Miyapur, NH"
2,14500,Suchitra Circle
2,15000,"Langar Houz House South, Hyderabad Expressway"
3,32000,Hitech City City
2,32000,"SK Wonders, Kondapur"
2,13000,Toli Chowki
3,20000,Nizampet
2,9500,Vayupuri
3,35000,"The Legend, Himayath Nagar, NH"
2,9000,"Saket, Secunderabad"
3,16000,"Old Malakpet, NH"
3,30000,"Keesara Homes, Domalguda, Himayath Nagar, NH"
3,16000,"Neknampur, Manikonda, Outer Ring Road"
2,44000,"Golf Edge, Gachibowli, Outer Ring Road"
3,50000,"Jains Ravi Gayathri Heights, Hitech City City"
3,22000,"Miyapur, NH"
2,14000,Attapur
2,15000,Toli Chowki
1,6000,"Ramanthapur, NH"
3,15000,"Upparpally, Hyderabad Expressway"
3,33000,"Ashok Nagar, Himayath Nagar"
2,12000,"Venkata Sai Enclave, Nizampet"
1,12000,Langar Houz
4,40000,"Kokapet, Outer Ring Road"
2,12000,Old Bowenpally
2,16000,Jawahar Nagar-Chikkadpally
2,18000,"Kalyan Nagar, New Malakpet, NH"
2,11000,"Hyder Shah Kote, Chevella Road"
2,12000,"Sun City, Bandlaguda, Chevella Road"
3,18000,"Kukatpally Housing Board Colony, NH"
3,14000,Toli Chowki
3,29000,"Sri Hemadurga Sivahills,  			            	 	                	 	                		 					            							          							         	Puppalaguda"
2,13000,"Ashok Nagar-Ramachandra Puram, NH"
3,22000,"Hima Shiva,  			            	 	                	 	                		 					            							          							         	New Nallakunta"
3,45000,"Shanthinikethan,  			            	 	                	 	                		 					            							          							         	Whitefields, Hitech City"
3,26000,"Chitrapuri Colony,  			            	 	                	 	                		 					            							          							         	Manikonda, Outer Ring Road"
3,27000,"Barkatpura, Kachiguda, NH"
4,23000,"Aziz Bagh Colony, Toli Chowki"
3,18500,"Amulya Fortune,  			            	 	                	 	                		 					            							          							         	Miyapur, NH"
2,20000,Ravi Colony
3,17000,"Aakriti Honey dew,  			            	 	                	 	                		 					            							          							         	Tellapur, Outer Ring Road"
1,8500,Manikonda
2,17000,"Nallagandla, Serilingampally"
2,18000,Mehdipatnam
3,16000,"Prajapati Elite,  			            	 	                	 	                		 					            							          							         	Miyapur, NH"
2,15000,Bandlaguda Jagir
2,10000,"Old Malakpet, NH"
2,8000,Aminpur
3,30000,"Aditya Imperial Heights,  			            	 	                	 	                		 					            							          							         	Hafeezpet, NH"
2,27000,"Shreya Elegance,  			            	 	                	 	                		 					            							          							         	Manikonda, Outer Ring Road"
2,10000,"Sun City, Bandlaguda, Chevella Road"
1,15000,"Red Hills, Lakdikapul, NH"
3,20000,"Gachibowli, Outer Ring Road"
3,13000,"Upparpally, Hyderabad Expressway"
2,11000,"Nallagandla, Serilingampally"
2,10000,"Red Hills, Lakdikapul, NH"
1,7000,Vidyanagar
2,8000,"Chaitanyapuri, Kothapet"
2,10000,"Kukatpally, NH"
1,12000,"Banjara Hills, NH"
3,20000,"Banjara Hills, NH"
3,21000,Mehdipatnam
3,15000,"Tellapur, Outer Ring Road"
2,10000,"Kukatpally, NH"
2,15000,Santosh Nagar-Mehdipatnam
2,11000,"Malakpet, NH"
2,14500,"Madinaguda, Hafeezpet, NH"
2,7500,Karmanghat
3,26000,"Banjara Hills, NH"
2,8000,"Neknampur, Manikonda, Outer Ring Road"
3,20000,"Manikonda, Outer Ring Road"
2,12000,Nizampet
2,14000,Kalyan Nagar-Moti Nagar
2,7500,"Kukatpally, NH"
2,27000,"Gachibowli, Outer Ring Road"
2,11000,Moti Nagar
2,18000,Puppalaguda
2,13500,"Pragathi Nagar, Kukatpally"
2,13000,"Manikonda, Outer Ring Road"
3,40000,"Banjara Hills, NH"
3,11000,Janapriya Utopia
3,15000,"Chandanagar, NH"
2,16000,"Ameerpet, NH"
3,15000,Suchitra Circle
2,16000,"Banjara Hills, NH"
2,15000,Masab Tank
3,35000,"Venkata Sai Residency,  			            	 	                	 	                		 					            							          							         	Kondapur"
2,8500,"Dilsukhnagar, NH"
3,27000,Madhapur
1,10000,Moti Nagar RWA
3,18000,"Banjara Hills, NH"
2,15000,Humayun Nagar
3,20000,Toli Chowki
3,20000,Puppalaguda
2,20000,"Manikonda, Outer Ring Road"
3,9250,Bowenpally
2,14000,"Jaya Nagar, Kukatpally, NH"
2,10000,Sivaji Nagar-Chandanagar
3,16000,"Armsburg My Space,  			            	 	                	 	                		 					            							          							         	Kompally"
2,12000,"Sun City, Bandlaguda, Chevella Road"
2,14000,"Kukatpally, NH"
3,18000,"Manikonda, Outer Ring Road"
3,16000,"Manikonda, Outer Ring Road"
2,7500,"Hydershakote, Bandlaguda, Chevella Road"
2,13500,Bandari Layout
3,16000,Amberpet
2,13000,"Kukatpally Housing Board Colony, NH"
2,22000,Kondapur
1,10000,Narsingi
2,14500,Humayun Nagar
2,20000,Moti Nagar
3,22000,"Amrutha Avenue, Manikonda, Outer Ring Road"
2,15500,Narayanguda
2,12000,Moti Nagar
2,9000,Neredmet
3,30000,Kondapur
2,23000,"Domalguda, Himayath Nagar, NH"
2,8000,"Bachupally, Outer Ring Road"
2,14000,"Kachiguda, NH"
2,11000,"LB Nagar, NH"
3,35000,Hitech City City
1,5000,Hyderaguda-Attapur
2,10000,Hasmathpet
2,12000,"Miyapur, NH"
2,28000,"Gachibowli, Outer Ring Road"
1,10000,"Hafeezpet, NH"
2,15000,"Madinaguda, Hafeezpet, NH"
3,20000,Shaikpet
2,18000,"Kukatpally Housing Board Colony, NH"
1,6000,Begumpet
2,9000,"Sri Sai Varshith Residency, Beeramguda, Ramachandra Puram, NH"
2,22000,Q City
2,15000,KPHB Road
2,20000,Kondapur
2,12000,Gulistan Apartments
3,13000,"Salar Jung Colony, Toli Chowki"
2,16000,Tarnaka
2,13000,Bandam Kommu
2,15000,"Park Stone, Attapur"
2,25000,"Narsingi, Outer Ring Road"
2,16500,"Somajiguda, NH"
2,5000,"Sai Darshan, HMT Nagar, Secunderabad"
3,40000,"My Home Vihanga, Gachibowli, Outer Ring Road"
3,20000,"Jains Amrutha, Vengal Rao Nagar, NH"
2,10000,"SBC Pristine Place, Gajularamaramm"
2,10000,Uppal Metro
1,11000,"Yousufguda, NH"
2,30000,"Gachibowli, Outer Ring Road"
3,35000,"Jains Carlton Creek, Gachibowli, Outer Ring Road"
2,21000,"Ramky One Marvel, Kukatpally, NH"
3,45000,"Green Terraces, Whitefields, Hitech City"
1,13000,Chhota Anjaiah Nagar
1,7500,Bharat Nagar
1,13000,Chhota Anjaiah Nagar
3,30000,"Rainbow Vistas Rock Gardens, Hitech City City"
1,11000,"Kukatpally Housing Board Colony, NH"
3,35000,"Adi Emerald, Kondapur"
3,26000,"Tulip Residency, Kondapur"
2,11000,Vasavi Nagar-Karkhana
3,20000,Tarnaka
2,15000,"Pragathi Nagar, Kukatpally"
3,24000,"Srinagar Colony, Old Malakpet, NH"
2,15000,"Happy Homes Colony, Hyderabad Expressway"
2,18000,Suchitra Circle
3,25000,"Srinagar Colony, Old Malakpet, NH"
3,23000,"Ashok Nagar, Himayath Nagar"
3,32000,"Aditya DSR LakeSide, Madhava Reddy Colony, Gachibowli"
1,8000,"Beeramguda, Ramachandra Puram, NH"
1,8000,"Telecom Nagar, Gachibowli"
1,6000,ALEAP
1,11000,Kondapur
2,14000,Attapur
1,14000,Kondapur
1,5000,"Uppal, NH"
2,16000,New Allapur
2,15000,"Punjagutta, NH"
2,26000,"Mantri Celestia, Gachibowli, Outer Ring Road"
2,14000,"Chandanagar, NH"
2,12000,Jubilee Hills
3,35000,"Aditya Sunshine, Hitech City City"
3,21000,"Lakshmi Royal Castle, Nallagandla, Serilingampally"
2,27000,"Mantri Celestia, Gachibowli, Outer Ring Road"
2,15000,"Happy Homes Colony, Hyderabad Expressway"
2,12000,"Sun City, Bandlaguda, Chevella Road"
2,10000,"Swathi Pooja Homes, Dilsukhnagar, NH"
3,22000,"Janapriya Metropolis, Moti Nagar"
3,30000,"Indu Fortune Fields apartments, Hitech City City"
2,20000,"Lingampally-Serilingampally, NH"
3,34000,"Vertex Panache, Gachibowli, Outer Ring Road"
1,10500,"Lingampally-Serilingampally, NH"
2,15000,KPHB Road
1,10000,"Miyapur, NH"
3,14000,"Pragathi Nagar, Kukatpally"
3,16000,"Habsiguda, NH"
2,12000,"Umas Aadya and Arha Mensions, Kukatpally, NH"
